<?xml version="1.0" encoding="UTF-8"?>

<!-- generated on 04/23/17 12:24:14 by SUMO netconvert Version 0.29.0
<?xml version="1.0" encoding="UTF-8"?>

<configuration xmlns:xsi="http://www.w3.org/2001/XMLSchema-instance" xsi:noNamespaceSchemaLocation="http://sumo.dlr.de/xsd/netconvertConfiguration.xsd">

    <input>
        <node-files value="prc_node.xml"/>
        <edge-files value="prc_edge.xml"/>
        <type-files value="prc_typ.xml"/>
    </input>

    <output>
        <output-file value="prac.net.xml"/>
    </output>

</configuration>
-->

<net version="0.27" xmlns:xsi="http://www.w3.org/2001/XMLSchema-instance" xsi:noNamespaceSchemaLocation="http://sumo.dlr.de/xsd/net_file.xsd">

    <location netOffset="150.00,250.00" convBoundary="0.00,0.00,819.00,700.00" origBoundary="-150.00,-250.00,669.00,450.00" projParameter="!"/>

    <type id="a" priority="1" numLanes="4" speed="5.00"/>
    <type id="b" priority="1" numLanes="3" speed="5.00"/>
    <type id="c" priority="1" numLanes="5" speed="5.00"/>

    <edge id=":1_0" function="internal">
        <lane id=":1_0_0" index="0" speed="5.00" length="4.82" shape="0.74,401.48 -0.74,401.29 -1.48,400.74 -1.48,399.82 -0.74,398.52"/>
    </edge>
    <edge id=":2_0" function="internal">
        <lane id=":2_0_0" index="0" speed="5.00" length="5.42" shape="271.65,281.02 271.19,279.53 270.39,278.70 269.25,278.53 267.78,279.03"/>
    </edge>
    <edge id=":2_1" function="internal">
        <lane id=":2_1_0" index="0" speed="5.00" length="32.70" shape="271.65,281.02 270.08,272.07 268.18,266.02 264.86,260.64 259.01,253.71"/>
        <lane id=":2_1_1" index="1" speed="5.00" length="32.70" shape="274.91,280.50 273.24,271.00 271.22,264.58 267.69,258.88 261.49,251.52"/>
        <lane id=":2_1_2" index="2" speed="5.00" length="32.70" shape="278.17,279.98 276.40,269.93 274.26,263.15 270.53,257.12 263.96,249.34"/>
    </edge>
    <edge id=":2_4" function="internal">
        <lane id=":2_4_0" index="0" speed="5.00" length="43.37" shape="278.17,279.98 277.45,267.69 279.38,256.56 283.97,246.58 291.21,237.75"/>
        <lane id=":2_4_1" index="1" speed="5.00" length="43.37" shape="281.43,279.46 280.75,267.99 282.53,257.61 286.78,248.33 293.50,240.13"/>
        <lane id=":2_4_2" index="2" speed="5.00" length="43.37" shape="281.43,279.46 281.13,269.63 283.42,260.20 288.31,251.15 295.79,242.50"/>
    </edge>
    <edge id=":2_7" function="internal">
        <lane id=":2_7_0" index="0" speed="5.00" length="37.03" shape="281.43,279.46 281.72,270.43 286.04,264.99 294.38,263.15 306.76,264.90"/>
    </edge>
    <edge id=":2_8" function="internal">
        <lane id=":2_8_0" index="0" speed="5.00" length="2.41" shape="281.43,279.46 282.05,278.11 282.80,277.57"/>
    </edge>
    <edge id=":2_41" function="internal">
        <lane id=":2_41_0" index="0" speed="5.00" length="2.41" shape="282.80,277.57 283.68,277.85 284.68,278.94"/>
    </edge>
    <edge id=":2_9" function="internal">
        <lane id=":2_9_0" index="0" speed="5.00" length="12.38" shape="304.38,274.51 299.71,273.69 296.50,273.90 294.75,275.13 294.46,277.39"/>
    </edge>
    <edge id=":2_10" function="internal">
        <lane id=":2_10_0" index="0" speed="5.00" length="39.37" shape="304.38,274.51 294.69,272.04 286.27,270.75 277.39,271.73 266.30,276.07"/>
    </edge>
    <edge id=":2_11" function="internal">
        <lane id=":2_11_0" index="0" speed="5.00" length="47.56" shape="304.38,274.51 293.40,271.51 282.44,267.29 271.73,260.93 261.49,251.52"/>
        <lane id=":2_11_1" index="1" speed="5.00" length="47.56" shape="305.18,271.31 294.45,268.47 284.07,264.59 273.94,258.58 263.96,249.34"/>
        <lane id=":2_11_2" index="2" speed="5.00" length="47.56" shape="305.97,268.11 295.51,265.42 285.71,261.90 276.15,256.24 266.43,247.15"/>
    </edge>
    <edge id=":2_14" function="internal">
        <lane id=":2_14_0" index="0" speed="5.00" length="24.24" shape="305.97,268.11 294.36,263.80 288.79,258.10 289.05,254.22"/>
    </edge>
    <edge id=":2_15" function="internal">
        <lane id=":2_15_0" index="0" speed="5.00" length="2.41" shape="305.97,268.11 304.96,267.01 304.76,266.11"/>
    </edge>
    <edge id=":2_42" function="internal">
        <lane id=":2_42_0" index="0" speed="5.00" length="13.94" shape="289.05,254.22 289.27,251.00 295.79,242.50"/>
    </edge>
    <edge id=":2_43" function="internal">
        <lane id=":2_43_0" index="0" speed="5.00" length="2.41" shape="304.76,266.11 305.36,265.41 306.76,264.90"/>
    </edge>
    <edge id=":2_16" function="internal">
        <lane id=":2_16_0" index="0" speed="5.00" length="5.92" shape="307.24,254.39 306.12,255.79 305.93,256.94 306.67,257.84 308.34,258.49"/>
    </edge>
    <edge id=":2_17" function="internal">
        <lane id=":2_17_0" index="0" speed="5.00" length="30.65" shape="307.24,254.39 299.80,262.05 294.65,268.52 291.79,273.81 291.20,277.91"/>
        <lane id=":2_17_1" index="1" speed="5.00" length="30.65" shape="304.95,252.01 296.99,260.30 291.50,267.47 288.49,273.51 287.94,278.42"/>
    </edge>
    <edge id=":2_19" function="internal">
        <lane id=":2_19_0" index="0" speed="5.00" length="44.74" shape="304.95,252.01 294.67,261.70 286.86,268.14 278.80,273.27 267.78,279.03"/>
        <lane id=":2_19_1" index="1" speed="5.00" length="44.74" shape="302.66,249.64 292.66,259.09 285.11,265.35 277.25,270.36 266.30,276.07"/>
        <lane id=":2_19_2" index="2" speed="5.00" length="44.74" shape="300.37,247.26 290.65,256.47 283.37,262.55 275.70,267.45 264.82,273.12"/>
        <lane id=":2_19_3" index="3" speed="5.00" length="44.74" shape="298.08,244.88 288.64,253.86 281.62,259.76 274.15,264.54 263.35,270.17"/>
    </edge>
    <edge id=":2_23" function="internal">
        <lane id=":2_23_0" index="0" speed="5.00" length="22.30" shape="298.08,244.88 289.29,251.59 281.08,254.20 278.49,253.70"/>
    </edge>
    <edge id=":2_24" function="internal">
        <lane id=":2_24_0" index="0" speed="5.00" length="2.41" shape="298.08,244.88 296.62,245.15 295.75,244.84"/>
    </edge>
    <edge id=":2_44" function="internal">
        <lane id=":2_44_0" index="0" speed="5.00" length="14.10" shape="278.49,253.70 273.46,252.72 266.43,247.15"/>
    </edge>
    <edge id=":2_45" function="internal">
        <lane id=":2_45_0" index="0" speed="5.00" length="2.41" shape="295.75,244.84 295.47,243.96 295.79,242.50"/>
    </edge>
    <edge id=":2_25" function="internal">
        <lane id=":2_25_0" index="0" speed="5.00" length="12.40" shape="276.32,238.40 277.77,238.98 279.98,238.27 282.93,236.28 286.63,233.00"/>
    </edge>
    <edge id=":2_26" function="internal">
        <lane id=":2_26_0" index="0" speed="5.00" length="39.80" shape="276.32,238.40 284.59,247.69 291.31,254.18 298.34,258.59 307.55,261.70"/>
    </edge>
    <edge id=":2_27" function="internal">
        <lane id=":2_27_0" index="0" speed="5.00" length="41.16" shape="276.32,238.40 284.30,248.04 289.18,256.11 292.16,265.07 294.46,277.39"/>
        <lane id=":2_27_1" index="1" speed="5.00" length="41.16" shape="273.84,240.59 281.71,249.96 286.31,257.46 289.03,265.85 291.20,277.91"/>
        <lane id=":2_27_2" index="2" speed="5.00" length="41.16" shape="271.37,242.78 279.02,251.83 283.38,258.84 285.88,266.73 287.94,278.42"/>
        <lane id=":2_27_3" index="3" speed="5.00" length="41.16" shape="268.90,244.96 276.19,253.59 280.34,260.28 282.72,267.80 284.68,278.94"/>
    </edge>
    <edge id=":2_31" function="internal">
        <lane id=":2_31_0" index="0" speed="5.00" length="7.01" shape="268.90,244.96 272.72,250.84"/>
    </edge>
    <edge id=":2_32" function="internal">
        <lane id=":2_32_0" index="0" speed="5.00" length="2.29" shape="268.90,244.96 269.10,246.44 268.80,247.18"/>
    </edge>
    <edge id=":2_46" function="internal">
        <lane id=":2_46_0" index="0" speed="5.00" length="24.59" shape="272.72,250.84 273.71,252.37 274.39,259.04 270.94,264.97 263.35,270.17"/>
    </edge>
    <edge id=":2_47" function="internal">
        <lane id=":2_47_0" index="0" speed="5.00" length="2.53" shape="268.80,247.18 268.76,247.29 267.87,247.53 266.43,247.15"/>
    </edge>
    <edge id=":2_33" function="internal">
        <lane id=":2_33_0" index="0" speed="5.00" length="5.98" shape="257.44,258.36 259.02,257.33 259.81,256.21 259.81,255.01 259.01,253.71"/>
    </edge>
    <edge id=":2_34" function="internal">
        <lane id=":2_34_0" index="0" speed="5.00" length="40.00" shape="257.44,258.36 267.34,252.64 273.30,247.47 278.63,241.40 286.63,233.00"/>
        <lane id=":2_34_1" index="1" speed="5.00" length="40.00" shape="258.92,261.32 269.08,255.46 275.22,250.18 280.70,243.98 288.92,235.37"/>
        <lane id=":2_34_2" index="2" speed="5.00" length="40.00" shape="260.40,264.27 270.70,258.33 277.02,252.94 282.74,246.58 291.21,237.75"/>
    </edge>
    <edge id=":2_37" function="internal">
        <lane id=":2_37_0" index="0" speed="5.00" length="47.23" shape="260.40,264.27 273.26,259.59 285.22,258.28 296.55,259.33 307.55,261.70"/>
        <lane id=":2_37_1" index="1" speed="5.00" length="47.23" shape="261.87,267.22 274.38,262.58 285.56,261.36 296.12,262.49 306.76,264.90"/>
    </edge>
    <edge id=":2_39" function="internal">
        <lane id=":2_39_0" index="0" speed="5.00" length="9.61" shape="261.87,267.22 270.57,264.31 271.00,264.38"/>
    </edge>
    <edge id=":2_40" function="internal">
        <lane id=":2_40_0" index="0" speed="5.00" length="2.41" shape="261.87,267.22 263.35,267.40 264.09,267.96"/>
    </edge>
    <edge id=":2_48" function="internal">
        <lane id=":2_48_0" index="0" speed="5.00" length="22.29" shape="271.00,264.38 277.28,265.30 281.98,270.18 284.68,278.94"/>
    </edge>
    <edge id=":2_49" function="internal">
        <lane id=":2_49_0" index="0" speed="5.00" length="2.41" shape="264.09,267.96 264.09,268.88 263.35,270.17"/>
    </edge>
    <edge id=":3_0" function="internal">
        <lane id=":3_0_0" index="0" speed="5.00" length="4.82" shape="819.40,391.40 820.40,392.50 820.60,393.40 820.00,394.10 818.60,394.60"/>
    </edge>
    <edge id=":4_0" function="internal">
        <lane id=":4_0_0" index="0" speed="5.00" length="4.82" shape="351.63,699.74 351.01,701.09 350.26,701.63 349.38,701.35 348.37,700.26"/>
    </edge>
    <edge id=":5_0" function="internal">
        <lane id=":5_0_0" index="0" speed="5.00" length="4.82" shape="48.76,1.09 48.56,-0.38 48.91,-1.24 49.80,-1.47 51.24,-1.09"/>
    </edge>
    <edge id=":6_0" function="internal">
        <lane id=":6_0_0" index="0" speed="5.00" length="4.82" shape="548.86,-1.19 550.32,-1.45 551.19,-1.14 551.46,-0.26 551.14,1.19"/>
    </edge>

    <edge id="1to2" from="1" to="2" priority="1" type="a">
        <lane id="1to2_0" index="0" speed="5.00" length="293.61" shape="-5.17,389.67 257.44,258.36"/>
        <lane id="1to2_1" index="1" speed="5.00" length="293.61" shape="-3.69,392.62 258.92,261.32"/>
        <lane id="1to2_2" index="2" speed="5.00" length="293.61" shape="-2.21,395.57 260.40,264.27"/>
        <lane id="1to2_3" index="3" speed="5.00" length="293.61" shape="-0.74,398.52 261.87,267.22"/>
    </edge>
    <edge id="2to1" from="2" to="1" priority="1" type="a">
        <lane id="2to1_0" index="0" speed="5.00" length="293.61" shape="267.78,279.03 5.17,410.33"/>
        <lane id="2to1_1" index="1" speed="5.00" length="293.61" shape="266.30,276.07 3.69,407.38"/>
        <lane id="2to1_2" index="2" speed="5.00" length="293.61" shape="264.82,273.12 2.21,404.43"/>
        <lane id="2to1_3" index="3" speed="5.00" length="293.61" shape="263.35,270.17 0.74,401.48"/>
    </edge>
    <edge id="2to3" from="2" to="3" priority="1" type="b">
        <lane id="2to3_0" index="0" speed="5.00" length="528.01" shape="308.34,258.49 820.98,384.99"/>
        <lane id="2to3_1" index="1" speed="5.00" length="528.01" shape="307.55,261.70 820.19,388.19"/>
        <lane id="2to3_2" index="2" speed="5.00" length="528.01" shape="306.76,264.90 819.40,391.40"/>
    </edge>
    <edge id="2to4" from="2" to="4" priority="1" type="a">
        <lane id="2to4_0" index="0" speed="5.00" length="426.09" shape="294.46,277.39 361.41,698.19"/>
        <lane id="2to4_1" index="1" speed="5.00" length="426.09" shape="291.20,277.91 358.15,698.70"/>
        <lane id="2to4_2" index="2" speed="5.00" length="426.09" shape="287.94,278.42 354.89,699.22"/>
        <lane id="2to4_3" index="3" speed="5.00" length="426.09" shape="284.68,278.94 351.63,699.74"/>
    </edge>
    <edge id="2to5" from="2" to="5" priority="1" type="a">
        <lane id="2to5_0" index="0" speed="5.00" length="328.51" shape="259.01,253.71 41.35,7.65"/>
        <lane id="2to5_1" index="1" speed="5.00" length="328.51" shape="261.49,251.52 43.82,5.47"/>
        <lane id="2to5_2" index="2" speed="5.00" length="328.51" shape="263.96,249.34 46.29,3.28"/>
        <lane id="2to5_3" index="3" speed="5.00" length="328.51" shape="266.43,247.15 48.76,1.09"/>
    </edge>
    <edge id="2to6" from="2" to="6" priority="1" type="c">
        <lane id="2to6_0" index="0" speed="5.00" length="351.32" shape="286.63,233.00 539.70,-10.70"/>
        <lane id="2to6_1" index="1" speed="5.00" length="351.32" shape="288.92,235.37 541.99,-8.32"/>
        <lane id="2to6_2" index="2" speed="5.00" length="351.32" shape="291.21,237.75 544.28,-5.94"/>
        <lane id="2to6_3" index="3" speed="5.00" length="351.32" shape="293.50,240.13 546.57,-3.57"/>
        <lane id="2to6_4" index="4" speed="5.00" length="351.32" shape="295.79,242.50 548.86,-1.19"/>
    </edge>
    <edge id="3to2" from="3" to="2" priority="1" type="b">
        <lane id="3to2_0" index="0" speed="5.00" length="528.01" shape="817.02,401.01 304.38,274.51"/>
        <lane id="3to2_1" index="1" speed="5.00" length="528.01" shape="817.81,397.81 305.18,271.31"/>
        <lane id="3to2_2" index="2" speed="5.00" length="528.01" shape="818.60,394.60 305.97,268.11"/>
    </edge>
    <edge id="4to2" from="4" to="2" priority="1" type="a">
        <lane id="4to2_0" index="0" speed="5.00" length="426.09" shape="338.59,701.81 271.65,281.02"/>
        <lane id="4to2_1" index="1" speed="5.00" length="426.09" shape="341.85,701.30 274.91,280.50"/>
        <lane id="4to2_2" index="2" speed="5.00" length="426.09" shape="345.11,700.78 278.17,279.98"/>
        <lane id="4to2_3" index="3" speed="5.00" length="426.09" shape="348.37,700.26 281.43,279.46"/>
    </edge>
    <edge id="5to2" from="5" to="2" priority="1" type="a">
        <lane id="5to2_0" index="0" speed="5.00" length="328.51" shape="58.65,-7.65 276.32,238.40"/>
        <lane id="5to2_1" index="1" speed="5.00" length="328.51" shape="56.18,-5.47 273.84,240.59"/>
        <lane id="5to2_2" index="2" speed="5.00" length="328.51" shape="53.71,-3.28 271.37,242.78"/>
        <lane id="5to2_3" index="3" speed="5.00" length="328.51" shape="51.24,-1.09 268.90,244.96"/>
    </edge>
    <edge id="6to2" from="6" to="2" priority="1" type="c">
        <lane id="6to2_0" index="0" speed="5.00" length="351.32" shape="560.30,10.70 307.24,254.39"/>
        <lane id="6to2_1" index="1" speed="5.00" length="351.32" shape="558.01,8.32 304.95,252.01"/>
        <lane id="6to2_2" index="2" speed="5.00" length="351.32" shape="555.72,5.94 302.66,249.64"/>
        <lane id="6to2_3" index="3" speed="5.00" length="351.32" shape="553.43,3.57 300.37,247.26"/>
        <lane id="6to2_4" index="4" speed="5.00" length="351.32" shape="551.14,1.19 298.08,244.88"/>
    </edge>

    <tlLogic id="2" type="static" programID="0" offset="0">
        <phase duration="23" state="rrrrrrrrrrrrrrrrGGGGGGGggrrrrrrrrGGGGgggg"/>
        <phase duration="1" state="rrrrrrrrrrrrrrrryyyyyyyggrrrrrrrryyyygggg"/>
        <phase duration="6" state="rrrrrrrrrrrrrrrrrrrrrrrGGrrrrrrrrrrrrGGGG"/>
        <phase duration="1" state="rrrrrrrrrrrrrrrrrrrrrrryyrrrrrrrrrrrryyyy"/>
        <phase duration="25" state="rrrrrrrrrGGGGGggrrrrrrrrrGGggggggrrrrrrrr"/>
        <phase duration="1" state="rrrrrrrrryyyyyggrrrrrrrrryyggggggrrrrrrrr"/>
        <phase duration="6" state="rrrrrrrrrrrrrrGGrrrrrrrrrrrGGGGGGrrrrrrrr"/>
        <phase duration="1" state="rrrrrrrrrrrrrryyrrrrrrrrrrryyyyyyrrrrrrrr"/>
        <phase duration="25" state="GGGGGGGGgGrrrrrrrrrrrrrrrrrrrrrrrrrrrrrrr"/>
        <phase duration="1" state="yyyyyyyyyyrrrrrrrrrrrrrrrrrrrrrrrrrrrrrrr"/>
    </tlLogic>

    <junction id="1" type="priority" x="0.00" y="400.00" incLanes="2to1_0 2to1_1 2to1_2 2to1_3" intLanes=":1_0_0" shape="-0.02,399.96 5.88,411.76 0.02,400.04">
        <request index="0" response="0" foes="0" cont="0"/>
    </junction>
    <junction id="2" type="traffic_light" x="280.00" y="260.00" incLanes="4to2_0 4to2_1 4to2_2 4to2_3 3to2_0 3to2_1 3to2_2 6to2_0 6to2_1 6to2_2 6to2_3 6to2_4 5to2_0 5to2_1 5to2_2 5to2_3 1to2_0 1to2_1 1to2_2 1to2_3" intLanes=":2_0_0 :2_1_0 :2_1_1 :2_1_2 :2_4_0 :2_4_1 :2_4_2 :2_7_0 :2_41_0 :2_9_0 :2_10_0 :2_11_0 :2_11_1 :2_11_2 :2_42_0 :2_43_0 :2_16_0 :2_17_0 :2_17_1 :2_19_0 :2_19_1 :2_19_2 :2_19_3 :2_44_0 :2_45_0 :2_25_0 :2_26_0 :2_27_0 :2_27_1 :2_27_2 :2_27_3 :2_46_0 :2_47_0 :2_33_0 :2_34_0 :2_34_1 :2_34_2 :2_37_0 :2_37_1 :2_48_0 :2_49_0" shape="270.07,281.27 296.04,277.14 304.00,276.07 308.72,256.94 308.35,255.54 285.52,231.84 277.51,237.34 257.82,254.77 256.73,256.93 268.49,280.46">
        <request index="0" response="00000000000000000011110000000000000000000" foes="10000000010000000011110000000010000000000" cont="0"/>
        <request index="1" response="01111111000000000111110000000000000000000" foes="01111111110000000111110000011110000000000" cont="0"/>
        <request index="2" response="01111111000000000111110000000000000000000" foes="01111111110000000111110000011110000000000" cont="0"/>
        <request index="3" response="01111111000000000111110000000000000000000" foes="01111111110000000111110000011110000000000" cont="0"/>
        <request index="4" response="01111110001111110111110000000000000000000" foes="01111110001111111111110000111110000000000" cont="0"/>
        <request index="5" response="01111110001111110111110000000000000000000" foes="01111110001111111111110000111110000000000" cont="0"/>
        <request index="6" response="01111110001111110111110000000000000000000" foes="01111110001111111111110000111110000000000" cont="0"/>
        <request index="7" response="01110000001111100000001110000000000000000" foes="01110000001111100000001111111110000000000" cont="0"/>
        <request index="8" response="01000000001111000000001100000001000000000" foes="01000000001111000000001100000001000000000" cont="1"/>
        <request index="9" response="01000000000000000000001100000000000000000" foes="01000000001111000000001100000000100000000" cont="0"/>
        <request index="10" response="01000000000000000011111100000000011111111" foes="11000000011111000011111100000000011111111" cont="0"/>
        <request index="11" response="00111111000000000111111100000000011111110" foes="00111111111111000111111100000000011111110" cont="0"/>
        <request index="12" response="00111111000000000111111100000000011111110" foes="00111111111111000111111100000000011111110" cont="0"/>
        <request index="13" response="00111111000000000111111100000000011111110" foes="00111111111111000111111100000000011111110" cont="0"/>
        <request index="14" response="00111110000000110111111100000000011110000" foes="00111110000000111111111100000000011110000" cont="1"/>
        <request index="15" response="00110000000000100000000010000000010000000" foes="00110000000000100000000010000000010000000" cont="1"/>
        <request index="16" response="00000000000000000000000000000000000000000" foes="00110000000000100000000001000000010000000" cont="0"/>
        <request index="17" response="00000000000000000000000000000000000000000" foes="01110000001111100000000000111111110000000" cont="0"/>
        <request index="18" response="00000000000000000000000000000000000000000" foes="01110000001111100000000000111111110000000" cont="0"/>
        <request index="19" response="00000000000000000000000000000000000000000" foes="11110000011111100000000000111110001111111" cont="0"/>
        <request index="20" response="00000000000000000000000000000000000000000" foes="11110000011111100000000000111110001111111" cont="0"/>
        <request index="21" response="00000000000000000000000000000000000000000" foes="11110000011111100000000000111110001111111" cont="0"/>
        <request index="22" response="00000000000000000000000000000000000000000" foes="11110000011111100000000000111110001111111" cont="0"/>
        <request index="23" response="00001111000000000000000000000000000000000" foes="00001111111111100000000000111100001111110" cont="1"/>
        <request index="24" response="00001110000000010000000000100000001110000" foes="00001110000000010000000000100000001110000" cont="1"/>
        <request index="25" response="00001110000000000000000000000000000000000" foes="00001110000000001000000000100000001110000" cont="0"/>
        <request index="26" response="00111110000000000111111110000000000000000" foes="00111110000000000111111111100000011110000" cont="0"/>
        <request index="27" response="01111110000000000111111100011111000000000" foes="01111110000000000111111100011111111110000" cont="0"/>
        <request index="28" response="01111110000000000111111100011111000000000" foes="01111110000000000111111100011111111110000" cont="0"/>
        <request index="29" response="01111110000000000111111100011111000000000" foes="01111110000000000111111100011111111110000" cont="0"/>
        <request index="30" response="01111110000000000111111100011111000000000" foes="01111110000000000111111100011111111110000" cont="0"/>
        <request index="31" response="01111110000000000111110000011110000001111" foes="11111110000000000111110000011110000001111" cont="1"/>
        <request index="32" response="00000001000000000100000000011100000001110" foes="00000001000000000100000000011100000001110" cont="1"/>
        <request index="33" response="00000000000000000000000000000000000000000" foes="00000000100000000100000000011100000001110" cont="0"/>
        <request index="34" response="00000000000000000000000000000000000000000" foes="00000000011111111100000000111100001111110" cont="0"/>
        <request index="35" response="00000000000000000000000000000000000000000" foes="00000000011111111100000000111100001111110" cont="0"/>
        <request index="36" response="00000000000000000000000000000000000000000" foes="00000000011111111100000000111100001111110" cont="0"/>
        <request index="37" response="00000000000000000011111110000000000000000" foes="00000000011111100011111111111100011111110" cont="0"/>
        <request index="38" response="00000000000000000011111110000000000000000" foes="00000000011111100011111111111100011111110" cont="0"/>
        <request index="39" response="00000000000000000011111100000000000000000" foes="00000000011111000011111100000011111111110" cont="1"/>
        <request index="40" response="00000000010000000011110000000010000000001" foes="00000000010000000011110000000010000000001" cont="1"/>
    </junction>
    <junction id="3" type="priority" x="819.00" y="393.00" incLanes="2to3_0 2to3_1 2to3_2" intLanes=":3_0_0" shape="818.99,393.05 821.36,383.44 819.01,392.95">
        <request index="0" response="0" foes="0" cont="0"/>
    </junction>
    <junction id="4" type="priority" x="350.00" y="700.00" incLanes="2to4_0 2to4_1 2to4_2 2to4_3" intLanes=":4_0_0" shape="349.95,700.01 362.99,697.93 350.05,699.99">
        <request index="0" response="0" foes="0" cont="0"/>
    </junction>
    <junction id="5" type="priority" x="50.00" y="0.00" incLanes="2to5_0 2to5_1 2to5_2 2to5_3" intLanes=":5_0_0" shape="50.04,-0.03 40.15,8.71 49.96,0.03">
        <request index="0" response="0" foes="0" cont="0"/>
    </junction>
    <junction id="6" type="priority" x="550.00" y="0.00" incLanes="2to6_0 2to6_1 2to6_2 2to6_3 2to6_4" intLanes=":6_0_0" shape="550.03,0.04 538.59,-11.85 549.97,-0.04">
        <request index="0" response="0" foes="0" cont="0"/>
    </junction>

    <junction id=":2_41_0" type="internal" x="282.80" y="277.57" incLanes=":2_8_0 1to2_3 3to2_0 5to2_0 5to2_1 5to2_2 5to2_3 6to2_0 6to2_1" intLanes=":2_9_0 :2_17_0 :2_17_1 :2_27_0 :2_27_1 :2_27_2 :2_27_3 :2_39_0"/>
    <junction id=":2_42_0" type="internal" x="289.05" y="254.22" incLanes=":2_14_0 5to2_0" intLanes=":2_4_0 :2_4_1 :2_4_2 :2_7_0 :2_17_0 :2_17_1 :2_19_0 :2_19_1 :2_19_2 :2_19_3 :2_23_0 :2_24_0 :2_25_0 :2_26_0 :2_34_0 :2_34_1 :2_34_2 :2_37_0 :2_37_1"/>
    <junction id=":2_43_0" type="internal" x="304.76" y="266.11" incLanes=":2_15_0 1to2_2 1to2_3 4to2_3 5to2_0 6to2_0" intLanes=":2_7_0 :2_16_0 :2_26_0 :2_37_0 :2_37_1"/>
    <junction id=":2_44_0" type="internal" x="278.49" y="253.70" incLanes=":2_23_0 1to2_0 1to2_1 1to2_2" intLanes=":2_1_0 :2_1_1 :2_1_2 :2_4_0 :2_4_1 :2_4_2 :2_11_0 :2_11_1 :2_11_2 :2_14_0 :2_26_0 :2_27_0 :2_27_1 :2_27_2 :2_27_3 :2_31_0 :2_32_0 :2_33_0 :2_34_0 :2_34_1 :2_34_2"/>
    <junction id=":2_45_0" type="internal" x="295.75" y="244.84" incLanes=":2_24_0 1to2_0 1to2_1 1to2_2 3to2_2 4to2_2 4to2_3 5to2_0" intLanes=":2_4_0 :2_4_1 :2_4_2 :2_14_0 :2_25_0 :2_34_0 :2_34_1 :2_34_2"/>
    <junction id=":2_46_0" type="internal" x="272.72" y="250.84" incLanes=":2_31_0 3to2_0 3to2_1 3to2_2" intLanes=":2_0_0 :2_1_0 :2_1_1 :2_1_2 :2_10_0 :2_11_0 :2_11_1 :2_11_2 :2_19_0 :2_19_1 :2_19_2 :2_19_3 :2_23_0 :2_34_0 :2_34_1 :2_34_2 :2_37_0 :2_37_1 :2_39_0 :2_40_0"/>
    <junction id=":2_47_0" type="internal" x="268.80" y="247.18" incLanes=":2_32_0 1to2_0 3to2_0 3to2_1 3to2_2 4to2_0 4to2_1 4to2_2 6to2_4" intLanes=":2_1_0 :2_1_1 :2_1_2 :2_11_0 :2_11_1 :2_11_2 :2_23_0 :2_33_0"/>
    <junction id=":2_48_0" type="internal" x="271.00" y="264.38" incLanes=":2_39_0 6to2_0 6to2_1 6to2_2 6to2_3 6to2_4" intLanes=":2_1_0 :2_1_1 :2_1_2 :2_4_0 :2_4_1 :2_4_2 :2_7_0 :2_8_0 :2_9_0 :2_10_0 :2_17_0 :2_17_1 :2_19_0 :2_19_1 :2_19_2 :2_19_3 :2_27_0 :2_27_1 :2_27_2 :2_27_3 :2_31_0"/>
    <junction id=":2_49_0" type="internal" x="264.09" y="267.96" incLanes=":2_40_0 3to2_0 4to2_0 5to2_3 6to2_1 6to2_2 6to2_3 6to2_4" intLanes=":2_0_0 :2_10_0 :2_19_0 :2_19_1 :2_19_2 :2_19_3 :2_31_0"/>

    <connection from="1to2" to="2to5" fromLane="0" toLane="0" via=":2_33_0" tl="2" linkIndex="33" dir="r" state="o"/>
    <connection from="1to2" to="2to6" fromLane="0" toLane="0" via=":2_34_0" tl="2" linkIndex="34" dir="s" state="o"/>
    <connection from="1to2" to="2to6" fromLane="1" toLane="1" via=":2_34_1" tl="2" linkIndex="35" dir="s" state="o"/>
    <connection from="1to2" to="2to6" fromLane="2" toLane="2" via=":2_34_2" tl="2" linkIndex="36" dir="s" state="o"/>
    <connection from="1to2" to="2to3" fromLane="2" toLane="1" via=":2_37_0" tl="2" linkIndex="37" dir="s" state="o"/>
    <connection from="1to2" to="2to3" fromLane="3" toLane="2" via=":2_37_1" tl="2" linkIndex="38" dir="s" state="o"/>
    <connection from="1to2" to="2to4" fromLane="3" toLane="3" via=":2_39_0" tl="2" linkIndex="39" dir="l" state="o"/>
    <connection from="1to2" to="2to1" fromLane="3" toLane="3" via=":2_40_0" tl="2" linkIndex="40" dir="t" state="o"/>
    <connection from="2to1" to="1to2" fromLane="3" toLane="3" via=":1_0_0" dir="t" state="M"/>
    <connection from="2to3" to="3to2" fromLane="2" toLane="2" via=":3_0_0" dir="t" state="M"/>
    <connection from="2to4" to="4to2" fromLane="3" toLane="3" via=":4_0_0" dir="t" state="M"/>
    <connection from="2to5" to="5to2" fromLane="3" toLane="3" via=":5_0_0" dir="t" state="M"/>
    <connection from="2to6" to="6to2" fromLane="4" toLane="4" via=":6_0_0" dir="t" state="M"/>
    <connection from="3to2" to="2to4" fromLane="0" toLane="0" via=":2_9_0" tl="2" linkIndex="9" dir="r" state="o"/>
    <connection from="3to2" to="2to1" fromLane="0" toLane="1" via=":2_10_0" tl="2" linkIndex="10" dir="s" state="o"/>
    <connection from="3to2" to="2to5" fromLane="0" toLane="1" via=":2_11_0" tl="2" linkIndex="11" dir="s" state="o"/>
    <connection from="3to2" to="2to5" fromLane="1" toLane="2" via=":2_11_1" tl="2" linkIndex="12" dir="s" state="o"/>
    <connection from="3to2" to="2to5" fromLane="2" toLane="3" via=":2_11_2" tl="2" linkIndex="13" dir="s" state="o"/>
    <connection from="3to2" to="2to6" fromLane="2" toLane="4" via=":2_14_0" tl="2" linkIndex="14" dir="l" state="o"/>
    <connection from="3to2" to="2to3" fromLane="2" toLane="2" via=":2_15_0" tl="2" linkIndex="15" dir="t" state="o"/>
    <connection from="4to2" to="2to1" fromLane="0" toLane="0" via=":2_0_0" tl="2" linkIndex="0" dir="r" state="o"/>
    <connection from="4to2" to="2to5" fromLane="0" toLane="0" via=":2_1_0" tl="2" linkIndex="1" dir="s" state="o"/>
    <connection from="4to2" to="2to5" fromLane="1" toLane="1" via=":2_1_1" tl="2" linkIndex="2" dir="s" state="o"/>
    <connection from="4to2" to="2to5" fromLane="2" toLane="2" via=":2_1_2" tl="2" linkIndex="3" dir="s" state="o"/>
    <connection from="4to2" to="2to6" fromLane="2" toLane="2" via=":2_4_0" tl="2" linkIndex="4" dir="L" state="o"/>
    <connection from="4to2" to="2to6" fromLane="3" toLane="3" via=":2_4_1" tl="2" linkIndex="5" dir="L" state="o"/>
    <connection from="4to2" to="2to6" fromLane="3" toLane="4" via=":2_4_2" tl="2" linkIndex="6" dir="L" state="o"/>
    <connection from="4to2" to="2to3" fromLane="3" toLane="2" via=":2_7_0" tl="2" linkIndex="7" dir="l" state="o"/>
    <connection from="4to2" to="2to4" fromLane="3" toLane="3" via=":2_8_0" tl="2" linkIndex="8" dir="t" state="o"/>
    <connection from="5to2" to="2to6" fromLane="0" toLane="0" via=":2_25_0" tl="2" linkIndex="25" dir="r" state="o"/>
    <connection from="5to2" to="2to3" fromLane="0" toLane="1" via=":2_26_0" tl="2" linkIndex="26" dir="s" state="o"/>
    <connection from="5to2" to="2to4" fromLane="0" toLane="0" via=":2_27_0" tl="2" linkIndex="27" dir="s" state="o"/>
    <connection from="5to2" to="2to4" fromLane="1" toLane="1" via=":2_27_1" tl="2" linkIndex="28" dir="s" state="o"/>
    <connection from="5to2" to="2to4" fromLane="2" toLane="2" via=":2_27_2" tl="2" linkIndex="29" dir="s" state="o"/>
    <connection from="5to2" to="2to4" fromLane="3" toLane="3" via=":2_27_3" tl="2" linkIndex="30" dir="s" state="o"/>
    <connection from="5to2" to="2to1" fromLane="3" toLane="3" via=":2_31_0" tl="2" linkIndex="31" dir="l" state="o"/>
    <connection from="5to2" to="2to5" fromLane="3" toLane="3" via=":2_32_0" tl="2" linkIndex="32" dir="t" state="o"/>
    <connection from="6to2" to="2to3" fromLane="0" toLane="0" via=":2_16_0" tl="2" linkIndex="16" dir="r" state="o"/>
    <connection from="6to2" to="2to4" fromLane="0" toLane="1" via=":2_17_0" tl="2" linkIndex="17" dir="R" state="o"/>
    <connection from="6to2" to="2to4" fromLane="1" toLane="2" via=":2_17_1" tl="2" linkIndex="18" dir="R" state="o"/>
    <connection from="6to2" to="2to1" fromLane="1" toLane="0" via=":2_19_0" tl="2" linkIndex="19" dir="s" state="o"/>
    <connection from="6to2" to="2to1" fromLane="2" toLane="1" via=":2_19_1" tl="2" linkIndex="20" dir="s" state="o"/>
    <connection from="6to2" to="2to1" fromLane="3" toLane="2" via=":2_19_2" tl="2" linkIndex="21" dir="s" state="o"/>
    <connection from="6to2" to="2to1" fromLane="4" toLane="3" via=":2_19_3" tl="2" linkIndex="22" dir="s" state="o"/>
    <connection from="6to2" to="2to5" fromLane="4" toLane="3" via=":2_23_0" tl="2" linkIndex="23" dir="l" state="o"/>
    <connection from="6to2" to="2to6" fromLane="4" toLane="4" via=":2_24_0" tl="2" linkIndex="24" dir="t" state="o"/>

    <connection from=":1_0" to="1to2" fromLane="0" toLane="3" dir="s" state="M"/>
    <connection from=":2_0" to="2to1" fromLane="0" toLane="0" dir="s" state="M"/>
    <connection from=":2_1" to="2to5" fromLane="0" toLane="0" dir="s" state="M"/>
    <connection from=":2_1" to="2to5" fromLane="1" toLane="1" dir="s" state="M"/>
    <connection from=":2_1" to="2to5" fromLane="2" toLane="2" dir="s" state="M"/>
    <connection from=":2_4" to="2to6" fromLane="0" toLane="2" dir="s" state="M"/>
    <connection from=":2_4" to="2to6" fromLane="1" toLane="3" dir="s" state="M"/>
    <connection from=":2_4" to="2to6" fromLane="2" toLane="4" dir="s" state="M"/>
    <connection from=":2_7" to="2to3" fromLane="0" toLane="2" dir="s" state="M"/>
    <connection from=":2_8" to="2to4" fromLane="0" toLane="3" via=":2_41_0" dir="s" state="m"/>
    <connection from=":2_41" to="2to4" fromLane="0" toLane="3" dir="s" state="M"/>
    <connection from=":2_9" to="2to4" fromLane="0" toLane="0" dir="s" state="M"/>
    <connection from=":2_10" to="2to1" fromLane="0" toLane="1" dir="s" state="M"/>
    <connection from=":2_11" to="2to5" fromLane="0" toLane="1" dir="s" state="M"/>
    <connection from=":2_11" to="2to5" fromLane="1" toLane="2" dir="s" state="M"/>
    <connection from=":2_11" to="2to5" fromLane="2" toLane="3" dir="s" state="M"/>
    <connection from=":2_14" to="2to6" fromLane="0" toLane="4" via=":2_42_0" dir="s" state="m"/>
    <connection from=":2_42" to="2to6" fromLane="0" toLane="4" dir="s" state="M"/>
    <connection from=":2_15" to="2to3" fromLane="0" toLane="2" via=":2_43_0" dir="s" state="m"/>
    <connection from=":2_43" to="2to3" fromLane="0" toLane="2" dir="s" state="M"/>
    <connection from=":2_16" to="2to3" fromLane="0" toLane="0" dir="s" state="M"/>
    <connection from=":2_17" to="2to4" fromLane="0" toLane="1" dir="s" state="M"/>
    <connection from=":2_17" to="2to4" fromLane="1" toLane="2" dir="s" state="M"/>
    <connection from=":2_19" to="2to1" fromLane="0" toLane="0" dir="s" state="M"/>
    <connection from=":2_19" to="2to1" fromLane="1" toLane="1" dir="s" state="M"/>
    <connection from=":2_19" to="2to1" fromLane="2" toLane="2" dir="s" state="M"/>
    <connection from=":2_19" to="2to1" fromLane="3" toLane="3" dir="s" state="M"/>
    <connection from=":2_23" to="2to5" fromLane="0" toLane="3" via=":2_44_0" dir="s" state="m"/>
    <connection from=":2_44" to="2to5" fromLane="0" toLane="3" dir="s" state="M"/>
    <connection from=":2_24" to="2to6" fromLane="0" toLane="4" via=":2_45_0" dir="s" state="m"/>
    <connection from=":2_45" to="2to6" fromLane="0" toLane="4" dir="s" state="M"/>
    <connection from=":2_25" to="2to6" fromLane="0" toLane="0" dir="s" state="M"/>
    <connection from=":2_26" to="2to3" fromLane="0" toLane="1" dir="s" state="M"/>
    <connection from=":2_27" to="2to4" fromLane="0" toLane="0" dir="s" state="M"/>
    <connection from=":2_27" to="2to4" fromLane="1" toLane="1" dir="s" state="M"/>
    <connection from=":2_27" to="2to4" fromLane="2" toLane="2" dir="s" state="M"/>
    <connection from=":2_27" to="2to4" fromLane="3" toLane="3" dir="s" state="M"/>
    <connection from=":2_31" to="2to1" fromLane="0" toLane="3" via=":2_46_0" dir="s" state="m"/>
    <connection from=":2_46" to="2to1" fromLane="0" toLane="3" dir="s" state="M"/>
    <connection from=":2_32" to="2to5" fromLane="0" toLane="3" via=":2_47_0" dir="s" state="m"/>
    <connection from=":2_47" to="2to5" fromLane="0" toLane="3" dir="s" state="M"/>
    <connection from=":2_33" to="2to5" fromLane="0" toLane="0" dir="s" state="M"/>
    <connection from=":2_34" to="2to6" fromLane="0" toLane="0" dir="s" state="M"/>
    <connection from=":2_34" to="2to6" fromLane="1" toLane="1" dir="s" state="M"/>
    <connection from=":2_34" to="2to6" fromLane="2" toLane="2" dir="s" state="M"/>
    <connection from=":2_37" to="2to3" fromLane="0" toLane="1" dir="s" state="M"/>
    <connection from=":2_37" to="2to3" fromLane="1" toLane="2" dir="s" state="M"/>
    <connection from=":2_39" to="2to4" fromLane="0" toLane="3" via=":2_48_0" dir="s" state="m"/>
    <connection from=":2_48" to="2to4" fromLane="0" toLane="3" dir="s" state="M"/>
    <connection from=":2_40" to="2to1" fromLane="0" toLane="3" via=":2_49_0" dir="s" state="m"/>
    <connection from=":2_49" to="2to1" fromLane="0" toLane="3" dir="s" state="M"/>
    <connection from=":3_0" to="3to2" fromLane="0" toLane="2" dir="s" state="M"/>
    <connection from=":4_0" to="4to2" fromLane="0" toLane="3" dir="s" state="M"/>
    <connection from=":5_0" to="5to2" fromLane="0" toLane="3" dir="s" state="M"/>
    <connection from=":6_0" to="6to2" fromLane="0" toLane="4" dir="s" state="M"/>

</net>
