<routes>

<vTypeDistribution id="DEFAULT_VEHTYPE">

      <vType id="passenger" length="5.0" minGap="2.5" guiShape="passenger" osgFile="vw_golf.3ds" probability="20" />

        <vType id="bus" length="12.5" minGap="2.5" guiShape="bus" osgFile="tour_bus.3ds" width="2.4" probability="2"/> 

        <vType id="truck/trailer" length="16.25" minGap="2.5" guiShape="truck/trailer" osgFile="lorry.3ds" width="2.6" probability="1"/> 

    </vTypeDistribution>


	 <vType accel="2.0" decel="1.0" id="Car" length="5.0" maxSpeed="4.5" sigma="0.0"  vehicleQuality="2"/> 
	<vType accel="2.0" decel="1.0" id="CAR" length="10.0" maxSpeed="4.2" sigma="0.0"  vehicleQuality="4"/> 
	<vType accel="2.0" decel="1.0" id="Car2" length="5.0" maxSpeed="4.7" sigma="0.0"/>
	<vType accel="2.0" decel="1.0" id="CAR2" length="10.0" maxSpeed="4.3" sigma="0.0"/>

<flow id="f1" begin="0" end="1000" decel="1.0" maxSpeed="4.0" arrivalSpeed="4.0" departSpeed="0.5"  probability="0.05">
<route edges="4to2 2to1"/>
</flow>

<flow id="f2" begin="0" end="1000" decel="1.0" maxSpeed="4.0" arrivalSpeed="4.0" departSpeed="0.5"  probability="0.1" departLane="random">
<route edges="4to2 2to5"/>
</flow>

<flow id="f3" begin="0" end="1000" decel="1.0" maxSpeed="4.0" arrivalSpeed="4.0" departSpeed="0.5"  probability="0.1" departLane="random">
<route edges="1to2 2to4"/>
</flow>

<flow id="f4" begin="0" end="1000" decel="1.0" maxSpeed="4.0" arrivalSpeed="4.0" departSpeed="0.5"  probability="0.05" departLane="random">
<route edges="6to2 2to3"/>
</flow>

<flow id="f5" begin="0" end="1000" decel="1.0" maxSpeed="4.0" arrivalSpeed="4.0" departSpeed="0.5"  probability="0.05" departLane="random">
<route edges="5to2 2to1"/>
</flow>

<flow id="f6" begin="0" end="1000" decel="1.0" maxSpeed="4.0" arrivalSpeed="4.0" departSpeed="0.5"  probability="0.05" departLane="random">
<route edges="6to2 2to1"/>
</flow>

<flow id="f7" begin="0" end="1000" decel="1.0" maxSpeed="4.0" arrivalSpeed="4.0" departSpeed="0.5"  probability="0.05" departLane="random">
<route edges="6to2 2to4"/>
</flow>



	<route id="route0" edges="3to2 2to4"/>
	<route id="route1" edges="3to2 2to5"/>
	<route id="route2" edges="3to2 2to6"/>
	<vehicle depart="1" id="veh0" route="route0" type="Car" />
	<vehicle depart="1" id="veh1" route="route2" type="CAR" />
	<vehicle depart="1" id="veh2" route="route0" type="Car2" />
	<vehicle depart="1" id="veh3" route="route2" type="CAR2" />




</routes>