<edges xmlns:xsi="http://www.w3.org/2001/XMLSchema-instance" xsi:noNamespaceSchemaLocation="http://sumo.dlr.de/xsd/edges_file.xsd">
<!--
<edge from="1" id="1to2" to="2" type="a"/>
<edge from="4" id="3to4" to="3" type="a"/>
<edge from="5" id="5to6" to="6" type="a"/>
<edge from="7" id="7to8" to="8" type="a"/>
-->
<edge from="1" id="1to2" to="2" type="a"/>
<edge from="2" id="2to1" to="1" type="a"/>
<edge from="2" id="2to4" to="4" type="a"/>
<edge from="4" id="4to2" to="2" type="a"/>
<edge from="2" id="2to3" to="3" type="b"/>
<edge from="3" id="3to2" to="2" type="b"/>
<edge from="2" id="2to5" to="5" type="a"/>
<edge from="5" id="5to2" to="2" type="a"/>

<edge from="2" id="2to6" to="6" type="c"/>
<edge from="6" id="6to2" to="2" type="c"/>


</edges>